year,country,carbon-avg,carbon-min,carbon-max,cfe-avg,cfe-min,cfe-max
2021,IT,280.084245,121.24,439.06,46.305932,15.41,77.02
2022,IT,321.617976,121.38,447.33,41.244127,13.93,77.44
2023,IT,251.819465,74.44,429.93,51.596057,20.39,85.02
2024,IT,207.299189,50.18,345.65,57.431828,20.9,90.26
2021,SE,5.946325,1.5,55.07,98.962411,92.8,99.65
2022,SE,3.875823,0.54,50.58,99.551723,94.16,99.97
2023,SE,3.903308,0.31,51.57,99.525599,94.12,99.98
2024,SE,3.726149,0.25,45.61,99.557928,94.27,99.98
